Landmark,Mean,Median,SD,CI_95_1,CI_95_2
1,0.00539886438027914,0.998550061682906,0.0370560984706705,0.985310757219242,0.0902530656121998
2,0.449835642210925,0.449676962725644,0.00404338730360421,0.443168089885082,0.457459255017007
3,0.554966795672658,0.554967723640105,0.0061646239723437,0.545332913218571,0.564789189136393
4,0.61510436389085,0.614960841611249,0.0058954292462972,0.605427999776773,0.624434402862167
5,0.819682152219188,0.819772433223811,0.00603918722882577,0.806633404786155,0.833071883576163
