Landmark,Mean,Median,SD,CI_95_1,CI_95_2
1,0.996979684619208,0.998495606595164,0.031732408933199,0.976334978324596,0.0137749278033206
2,0.4287530103827,0.445660829319024,0.0354275926552056,0.350205886670638,0.459110462186301
3,0.788306803444008,0.815414950539492,0.0487138375845932,0.692902029496786,0.828143944012312
