"","sample","shape","BetaSigma","Ra","Rq","Rv","Rp","Rx","Rsk","Rku","RzJIS"
"1","10046",1,20,1.77359414806221,2.35305033578464,12.0208152801713,10.9759094491205,22.9967247292918,0.137641340681103,4.31102009449126,21.6421458126871
"2","10046",2,20,0.979131853093591,1.24566142527849,2.62612865719446,3.13049516849967,5.75662382569413,0.6510240397045,2.67680409042461,5.3283508448137
