"","sample","shape","BetaSigma","Ra","Rq","Rv","Rp","Rx","Rsk","Rku","RzJIS"
"1","10381",1,20,1.56569040770988,2.03915305179201,6.09830985358254,6.16249289023313,12.2608027438157,0.135605319560074,3.20757832233109,12.0705680996543
"2","10381",2,20,1.22023828544935,1.65914609073883,5.70892312776135,6,11.7089231277613,0.00350193680257174,4.53958776989369,11.332736125941
"3","10381",3,20,1.44687352483782,1.91260483563667,5.49442255794753,6.2658006601908,11.7602232181383,0.22838776559081,3.64915577499495,11.2615983511935
"4","10381",4,20,1.29330395766714,1.70831910895466,5.2607675937714,5.75655548348862,11.01732307726,0.641971093477367,3.73377524167221,9.84382189811441
"5","10381",5,20,1.09723840703222,1.36489783817992,3.16082674122979,3.10010466250243,6.26093140373222,-0.283281497085653,2.37874357905614,5.97731051607771
"6","10381",6,20,1.10840854704991,1.42409675473076,4.02492235949965,4.43760156980182,8.46252392930147,-0.274372259677404,3.14734178208764,7.39716622453281
"7","10381",7,20,1.09320551020176,1.42852513550761,3.60555127546399,5.26965186413965,8.87520313960363,0.562815459665374,3.67156462447104,7.7800782341223
"8","10381",8,20,1.01977235836805,1.31553102183358,3.23076923076925,3.49662910448617,6.72739833525543,0.179963945434467,2.89836190282254,6.00921536325108
