"","sample","shape","BetaSigma","Ra","Rq","Rv","Rp","Rx","Rsk","Rku","RzJIS"
"1","10419",1,20,1.59262225022231,2.1051075721625,9.13500278391142,11.0420054199594,20.1770082038708,0.20903852373117,4.40550024169382,19.1010346488803
"2","10419",2,20,1.36937268765348,1.76113173743701,5.14915152893073,6.40000000000002,11.5491515289308,0.396634947212127,3.23380439686998,10.7249243388465
"3","10419",3,20,1.26467671116647,1.67672562436265,5.09116882454311,4.66690475583121,9.75807358037432,0.225418044953487,3.61040957772626,9.33903493331381
"4","10419",4,20,1.31364117536466,1.74992243767945,6.79900103650085,5.34207224296496,12.1410732794658,0.0917900405980448,3.88985481971455,10.8381436323976
