"","-1","-1to1","1to-1","1","sample","shape","BetaSigma","model"
"1",0.94565904239862,0.0543409576013794,0.0996300799640435,0.900369920035957,"11220",1,20,"sign"
"2",0.812768569674647,0.187231430325353,0.170295924064768,0.829704075935232,"11220",1,20,"gaussian"
"3",0.908864126837453,0.0911358731625467,0.0704098092902386,0.929590190709761,"11220",2,20,"sign"
"4",0.793333333333333,0.206666666666667,0.207792207792208,0.792207792207792,"11220",2,20,"gaussian"
