"","-1","-1to1","1to-1","1","sample","shape","BetaSigma","model"
"1",0.796901121464825,0.203098878535175,0.0529401322773656,0.947059867722634,"11299",1,20,"sign"
"2",0.788235294117647,0.211764705882353,0.19047619047619,0.80952380952381,"11299",1,20,"gaussian"
"3",0.910113235556531,0.0898867644434692,0.158286334393441,0.841713665606559,"11299",2,20,"sign"
"4",0.754716981132076,0.245283018867925,0.203125,0.796875,"11299",2,20,"gaussian"
