"","-1","-1to1","1to-1","1","sample","shape","BetaSigma","model"
"1",0.927921584313476,0.0720784156865243,0.115437351228219,0.884562648771781,"11301",1,20,"sign"
"2",0.778947368421053,0.221052631578947,0.188622754491018,0.811377245508982,"11301",1,20,"gaussian"
"3",0.919119085461838,0.0808809145381616,0.0940603813712644,0.905939618628736,"11301",2,20,"sign"
"4",0.783185840707965,0.216814159292035,0.230046948356808,0.769953051643192,"11301",2,20,"gaussian"
