"","-1","-1to1","1to-1","1","sample","shape","BetaSigma","model"
"1",0.928283249168954,0.0717167508310461,0.124061451430603,0.875938548569397,"11312",1,20,"sign"
"2",0.798274002157497,0.201725997842503,0.176248821866164,0.823751178133836,"11312",1,20,"gaussian"
"3",0.909964483397426,0.0900355166025738,0.0772515855036278,0.922748414496372,"11312",2,20,"sign"
"4",0.801619433198381,0.198380566801619,0.165820642978003,0.834179357021997,"11312",2,20,"gaussian"
