"","-1","-1to1","1to-1","1","sample","shape","BetaSigma","model"
"1",0.904258923686471,0.0957410763135293,0.0868041674711068,0.913195832528893,"11389",1,20,"sign"
"2",0.815389696169089,0.184610303830911,0.174632927210247,0.825367072789753,"11389",1,20,"gaussian"
