"","-1","-1to1","1to-1","1","sample","shape","BetaSigma","model"
"1",0.939879701030585,0.0601202989694151,0.0911993904218137,0.908800609578186,"9668",1,20,"sign"
"2",0.822228773584906,0.177771226415094,0.16479912544411,0.83520087455589,"9668",1,20,"gaussian"
"3",0.933921940647833,0.0660780593521667,0.155552343304096,0.844447656695904,"9668",2,20,"sign"
"4",0.761904761904762,0.238095238095238,0.185185185185185,0.814814814814815,"9668",2,20,"gaussian"
