"","sample","shape","BetaSigma","Ra","Rq","Rv","Rp","Rx","Rsk","Rku","RzJIS"
"1","10128",1,20,1.24107610903245,1.61204393256833,5.30272749808239,5.33431957778755,10.6370470758699,-0.00960780218434039,3.33427277790029,9.47189927132395
"2","10128",2,20,1.36559732402911,1.77055570778034,6,5.820855000872,11.820855000872,-0.233737653522056,3.53762178368775,10.8893205629527
"3","10128",3,20,1.2154567787527,1.62295145760972,4.68275312135715,5.19946946895745,9.8822225903146,0.00529452647124769,3.66054823187923,8.95110443992668
