"","sample","shape","BetaSigma","Ra","Rq","Rv","Rp","Rx","Rsk","Rku","RzJIS"
"1","10184",1,20,1.38983831853431,1.80699634416252,5.88235294117648,8.02108707332355,13.9034400145,0.601569596624968,3.78846737200164,12.5877557535983
"2","10184",2,20,1.43777205853104,1.88369982586269,7.98489954161321,5.94564367693114,13.9305432185443,-0.263615624166856,4.00353857185509,13.2783269051824
"3","10184",3,20,1.4063815017052,1.81663700357458,5.75655548348859,6.89634925359229,12.6529047370809,-0.0101527317416639,3.49823810642856,12.0070257715418
