"","-1","-1to1","1to-1","1","sample","shape","BetaSigma","model"
"1",0.932320757256723,0.0676792427432766,0.113074968172668,0.886925031827332,"10395",1,20,"sign"
"2",0.790513833992095,0.209486166007905,0.173998686802364,0.826001313197636,"10395",1,20,"gaussian"
