"","-1","-1to1","1to-1","1","sample","shape","BetaSigma","model"
"1",0.947000511361539,0.0529994886384611,0.100958704406453,0.899041295593547,"10460",1,20,"sign"
"2",0.808921933085502,0.191078066914498,0.162478267741426,0.837521732258574,"10460",1,20,"gaussian"
"3",0.95538530804356,0.0446146919564398,0.0965878426617228,0.903412157338277,"10460",2,20,"sign"
"4",0.8,0.2,0.153465346534653,0.846534653465347,"10460",2,20,"gaussian"
