"","-1","-1to1","1to-1","1","sample","shape","BetaSigma","model"
"1",0.939565971112832,0.0604340288871674,0.0974028702915075,0.902597129708493,"10494",1,20,"sign"
"2",0.808807134894091,0.191192865105909,0.194997157475839,0.805002842524161,"10494",1,20,"gaussian"
