"","-1","-1to1","1to-1","1","sample","shape","BetaSigma","model"
"1",0.942929677555515,0.0570703224444851,0.112428561401059,0.887571438598941,"10497",1,20,"sign"
"2",0.783208020050125,0.216791979949875,0.19484882418813,0.80515117581187,"10497",1,20,"gaussian"
"3",0.925093743084057,0.0749062569159428,0.113313059942434,0.886686940057566,"10497",2,20,"sign"
"4",0.796380090497738,0.203619909502262,0.168792198049512,0.831207801950488,"10497",2,20,"gaussian"
