"","sample","shape","BetaSigma","Ra","Rq","Rv","Rp","Rx","Rsk","Rku","RzJIS"
"1","10503",1,20,1.57962435870991,2.14013829711165,12.3265953989104,13.545709229572,25.8723046284824,0.182456186888502,6.3811223968205,24.4770965778365
"2","10503",2,20,1.56944565070087,2.07575963574366,7.80949648147162,7.37233349186275,15.1818299733344,0.0739648175180125,3.72433015480742,14.5109837353434
"3","10503",3,20,1.13974429937957,1.4865741470688,4.66400484310106,4.88093530091974,9.5449401440208,0.412767452550036,3.3041579734585,8.52766760056746
"4","10503",4,20,1.34410074461714,1.80525327338093,6.68844482055785,7.12034174065173,13.8087865612096,0.330308360242944,4.6912490817967,12.4073786414195
"5","10503",5,20,1.10349042210505,1.42882764662481,4.09440572760189,3.37022512271988,7.46463085032177,-0.568671010375934,3.23923879815662,7.12868432085717
"6","10503",6,20,0.958579054140759,1.23589954040742,3.53553390593274,3.53553390593274,7.07106781186548,-0.274668188900836,3.29332961496831,6.06326855682199
