"","sample","shape","BetaSigma","Ra","Rq","Rv","Rp","Rx","Rsk","Rku","RzJIS"
"1","10669",1,20,1.61319529731782,2.14041203849274,8.372078669292,10.1903662523207,18.5624449216127,-0.117369787634104,4.15769964882914,17.5308099986375
"2","10669",2,20,1.10775013529463,1.54835752298873,6,7.09755674304177,13.0975567430418,0.111463663962697,6.06858477025468,11.9371905368972
"3","10669",3,20,1.22948778847231,1.56366267928567,4.43760156980187,4.16025147168919,8.59785304149105,0.103957141797156,2.83486675516006,7.91591989575497
"4","10669",4,20,1.29970174738899,1.69624551470684,4.83735464897911,4.84376290145929,9.6811175504384,-0.259984035297885,3.23819121610244,8.74505648867992
