"","sample","shape","BetaSigma","Ra","Rq","Rv","Rp","Rx","Rsk","Rku","RzJIS"
"1","10672",1,20,1.67603965656483,2.19995241001225,11.0679718105893,10.1192885125388,21.1872603231282,0.0485856820269809,3.96497569556078,20.0135948266568
"2","10672",2,20,1.10606051201963,1.50775658429698,5.41114477766748,5.6320078298172,11.0431526074847,0.609383846830544,4.55300943588009,8.7101229879575
