"","-1","-1to1","1to-1","1","sample","shape","BetaSigma","model"
"1",0.917662406713222,0.0823375932867785,0.103187647037818,0.896812352962182,"10674",1,20,"sign"
"2",0.804856895056375,0.195143104943625,0.164113785557987,0.835886214442013,"10674",1,20,"gaussian"
"3",0.903801307299489,0.0961986927005107,0.136449575094272,0.863550424905728,"10674",2,20,"sign"
"4",0.79646017699115,0.20353982300885,0.197368421052632,0.802631578947368,"10674",2,20,"gaussian"
"5",0.872597801133889,0.12740219886611,0.133789026748766,0.866210973251234,"10674",3,20,"sign"
"6",0.759259259259259,0.240740740740741,0.190140845070423,0.809859154929577,"10674",3,20,"gaussian"
