"","sample","shape","BetaSigma","Ra","Rq","Rv","Rp","Rx","Rsk","Rku","RzJIS"
"1","10998",1,20,1.72594620758072,2.28048726625725,13.7172213717707,10.9777077349551,24.6949291067258,-0.21349327229705,4.49805743446135,23.2548248263286
"2","10998",2,20,1.33943082141172,1.7215947220207,4.74341649025257,5.10159088012725,9.84500737037982,-0.255148935440791,2.93116293493457,8.85146532554856
"3","10998",3,20,1.03479688107167,1.33941678397337,3.15135438863332,4.42718872423578,7.5785431128691,0.664799421298187,3.19586278430724,6.67889227825531
"4","10998",4,20,1.46433318083084,1.99942904976207,6.87164552309865,6.2469504755443,13.1185959986429,-0.0135442758107595,3.91327376800758,11.9372968708123
"5","10998",5,20,0.873508444534129,1.14107096810166,2.39426065340284,4.11596604342019,6.51022669682303,1.1453956187622,3.62102836573616,5.68755618981445
