"","sample","shape","BetaSigma","Ra","Rq","Rv","Rp","Rx","Rsk","Rku","RzJIS"
"1","10995",1,20,1.44706831710391,1.87326149954744,5.7021444095228,6.74946195847031,12.4516063679931,0.208607495991028,3.30448778906131,12.0504527971739
"2","10995",2,20,1.4678427179205,1.96645654692945,6.93375245281536,6.86472069671463,13.79847314953,0.343130164438606,3.79809753802289,12.4442315521153
"3","10995",3,20,1.35815813232483,1.82855956457115,5,6.6,11.6,0.858107434012905,4.15309463437925,10.2328996431066
"4","10995",4,20,1.15090925365066,1.55049787422255,6.32455532033676,5.69209978830305,12.0166551086398,0.0626174058252722,5.09726884489334,10.3722707253523
"5","10995",5,20,0.95582650398321,1.29241165598778,4.91934955049954,4.16025147168922,9.07960102218875,-0.151648518114173,4.33947643814233,7.80284954699257
