"","sample","shape","BetaSigma","Ra","Rq","Rv","Rp","Rx","Rsk","Rku","RzJIS"
"1","11010",1,20,1.43615075712668,1.88873822689895,7.79152813962109,7.1554175279993,14.9469456676204,-0.29324888251786,4.04094914874019,13.9417153067773
"2","11010",2,20,1.33083972267267,1.7341980300208,4.26445389356123,4.74341649025257,9.0078703838138,0.610995702827196,3.04667722925893,8.38704091917126
"3","11010",3,20,1.22796512187829,1.54628156527346,4.85098221701039,4.42915767640082,9.28013989341122,-0.132667212081554,2.96204951351243,8.11307076968983
