"","sample","shape","BetaSigma","Ra","Rq","Rv","Rp","Rx","Rsk","Rku","RzJIS"
"1","11033",1,20,1.52629078667349,1.98339651503737,6.89953185535142,7.27773243322342,14.1772642885748,0.363173783424594,3.3941490493547,12.9521954814712
"2","11033",2,20,1.247665250523,1.71369517357062,6.24716151760361,5.45495987171377,11.7021213893174,-0.682175755333199,4.78822999527359,10.756101146888
"3","11033",3,20,1.18964708446989,1.56766704847555,3.63243308758009,5.19946946895746,8.83190255653756,1.11089811329114,3.56122003052411,7.68474722318127
