"","sample","shape","BetaSigma","Ra","Rq","Rv","Rp","Rx","Rsk","Rku","RzJIS"
"1","11042",1,20,1.58147774720974,2.12005817182753,11.2672454340948,10.6198158084252,21.88706124252,-0.0400573006761961,4.57110717913004,20.1795802019172
"2","11042",2,20,1.82360687655567,2.43166898555493,9.99462943033231,12.4523251918894,22.4469546222217,0.406678348153049,4.48498588445,20.5717828194252
"3","11042",3,20,1.58613523526642,2.08350449428253,6.88699186396405,8.49705831449922,15.3840501784633,0.130247082418899,3.59632256667884,14.3541158385785
"4","11042",4,20,1.48041952914342,1.94727721108665,6.32455532033676,7.20294057598534,13.5274958963221,0.0916872179225531,3.53020983234414,12.4576323675165
"5","11042",5,20,1.16839567907389,1.57095731579112,2.97938119896852,4.85071250072663,7.83009369969515,1.17300552988247,3.63478027042952,7.06594124881643
"6","11042",6,20,1.23450561449228,1.60664826000505,4.11096095821888,4.59999999999995,8.71096095821884,0.0462471606671163,3.11311665775354,7.9544353919512
"7","11042",7,20,1.25336594670006,1.72744668976155,5.29513564873101,6,11.295135648731,0.966196792635707,4.76245955004203,9.83867048677243
"8","11042",8,20,1.28830500158131,1.65841712653226,4.30116263352131,5.06590232205809,9.36706495557941,0.372221768145042,3.11571547173141,8.16234149580715
