"","sample","shape","BetaSigma","Ra","Rq","Rv","Rp","Rx","Rsk","Rku","RzJIS"
"1","11186",1,20,1.51194445897571,1.97970399765764,5.68736791900733,6.7165612572172,12.4039291762245,0.131352396800921,3.30173450496738,11.5435683270617
"2","11186",2,20,1.3207478136064,1.74308126833218,5.3665631459995,5.65685424949238,11.0234173954919,0.037918564300789,3.32948868625814,9.7539223219124
"3","11186",3,20,1.13076196121208,1.57154617730839,4.6096399520792,6,10.6096399520792,0.862797003635135,4.81225674798226,9.80455038053286
