"","-1","-1to1","1to-1","1","sample","shape","BetaSigma","model"
"1",0.862560391925594,0.137439608074406,0.101868398999977,0.898131601000023,"11217",1,20,"sign"
"2",0.778294573643411,0.221705426356589,0.177639751552795,0.822360248447205,"11217",1,20,"gaussian"
