"","-1","-1to1","1to-1","1","sample","shape","BetaSigma","model"
"1",0.93330567317955,0.0666943268204502,0.0974551401759954,0.902544859824005,"11247",1,20,"sign"
"2",0.806060606060606,0.193939393939394,0.192513368983957,0.807486631016043,"11247",1,20,"gaussian"
"3",0.918555549397145,0.0814444506028547,0.122068531366724,0.877931468633276,"11247",2,20,"sign"
"4",0.8,0.2,0.246808510638298,0.753191489361702,"11247",2,20,"gaussian"
"5",0.886666068254967,0.113333931745033,0.172737287769154,0.827262712230846,"11247",3,20,"sign"
"6",0.780952380952381,0.219047619047619,0.273809523809524,0.726190476190476,"11247",3,20,"gaussian"
