"","sample","shape","BetaSigma","Ra","Rq","Rv","Rp","Rx","Rsk","Rku","RzJIS"
"1","11252",1,20,1.48706836304209,2.01459129109026,7.13950997896396,7.17804919486502,14.317559173829,-0.208595904871209,4.22418420659142,13.2082997068565
"2","11252",2,20,1.16976499799309,1.62305999405723,4.04747112057766,5.17176865407144,9.2192397746491,0.944524038261489,4.33616932502805,8.44920553249869
