"","sample","shape","BetaSigma","Ra","Rq","Rv","Rp","Rx","Rsk","Rku","RzJIS"
"1","11262",1,20,1.54271417086892,2.05767512850628,9,6.65640235470275,15.6564023547027,0.417085564025134,3.92565201614759,14.8278355005043
"2","11262",2,20,1.42307795880463,1.85057424144038,6.40000000000002,6.97064470766149,13.3706447076615,0.00597305447700329,3.47406665004536,12.4622587512944
"3","11262",3,20,1.48131543899412,1.9102204583039,6.40000000000002,6.60000000000002,13,0.0838030438280977,3.29403440458801,11.9683223319853
"4","11262",4,20,1.5705983077078,2.06610359233209,7.70103125256227,8.56875308383693,16.2697843363992,-0.00938286586383043,3.97733871482106,14.8542368545538
"5","11262",5,20,1.20101515838787,1.59332851499555,4.46534400965931,5.93495089891429,10.4002949085736,0.865756602721904,4.1680451433006,9.13891773348418
"6","11262",6,20,1.21362817213098,1.57598177867884,4.43760156980183,4.94468176434148,9.38228333414331,0.187821120571758,3.44052991016566,8.5613836051447
