"","-1","-1to1","1to-1","1","sample","shape","BetaSigma","model"
"1",0.911180251059893,0.0888197489401071,0.131857958777055,0.868142041222945,"11280",1,20,"sign"
"2",0.778125,0.221875,0.193460490463215,0.806539509536785,"11280",1,20,"gaussian"
"3",0.932618555896065,0.067381444103935,0.0928674156067413,0.907132584393259,"11280",2,20,"sign"
"4",0.761421319796954,0.238578680203046,0.186770428015564,0.813229571984436,"11280",2,20,"gaussian"
