"","-1","-1to1","1to-1","1","sample","shape","BetaSigma","model"
"1",0.914890582027411,0.0851094179725891,0.107109349602209,0.892890650397791,"11295",1,20,"sign"
"2",0.797196261682243,0.202803738317757,0.192375886524823,0.807624113475177,"11295",1,20,"gaussian"
"3",0.907575895888954,0.092424104111046,0.129552299793252,0.870447700206748,"11295",2,20,"sign"
"4",0.756613756613757,0.243386243386243,0.198275862068966,0.801724137931034,"11295",2,20,"gaussian"
"5",0.899827320465895,0.100172679534105,0.107735420537125,0.892264579462875,"11295",3,20,"sign"
"6",0.755905511811024,0.244094488188976,0.220588235294118,0.779411764705882,"11295",3,20,"gaussian"
