"","-1","-1to1","1to-1","1","sample","shape","BetaSigma","model"
"1",0.946353420736796,0.0536465792632036,0.106006372730719,0.893993627269281,"11333",1,20,"sign"
"2",0.809701492537313,0.190298507462687,0.182077829346662,0.817922170653338,"11333",1,20,"gaussian"
"3",0.88027486117836,0.11972513882164,0.108662226980121,0.891337773019879,"11333",2,20,"sign"
"4",0.787136294027565,0.212863705972435,0.175438596491228,0.824561403508772,"11333",2,20,"gaussian"
"5",0.930703586936458,0.0692964130635415,0.130917580163827,0.869082419836173,"11333",3,20,"sign"
"6",0.791540785498489,0.208459214501511,0.176923076923077,0.823076923076923,"11333",3,20,"gaussian"
