"","-1","-1to1","1to-1","1","sample","shape","BetaSigma","model"
"1",0.905096609668623,0.0949033903313769,0.0869535342673368,0.913046465732663,"11342",1,20,"sign"
"2",0.792466240227434,0.207533759772566,0.191099476439791,0.808900523560209,"11342",1,20,"gaussian"
