"","-1","-1to1","1to-1","1","sample","shape","BetaSigma","model"
"1",0.901932428369872,0.0980675716301277,0.102158865322361,0.897841134677639,"11364",1,20,"sign"
"2",0.785335689045936,0.214664310954064,0.199183673469388,0.800816326530612,"11364",1,20,"gaussian"
"3",0.915055901190711,0.0849440988092886,0.122401086307142,0.877598913692858,"11364",2,20,"sign"
"4",0.753036437246964,0.246963562753036,0.162234042553191,0.837765957446808,"11364",2,20,"gaussian"
"5",0.940103347415566,0.0598966525844342,0.156450341287167,0.843549658712833,"11364",3,20,"sign"
"6",0.753926701570681,0.246073298429319,0.212962962962963,0.787037037037037,"11364",3,20,"gaussian"
