"","-1","-1to1","1to-1","1","sample","shape","BetaSigma","model"
"1",0.943914475239069,0.0560855247609313,0.107261683074454,0.892738316925546,"11374",1,20,"sign"
"2",0.807182320441989,0.192817679558011,0.167710843373494,0.832289156626506,"11374",1,20,"gaussian"
"3",0.940188180690512,0.0598118193094882,0.102666823073764,0.897333176926236,"11374",2,20,"sign"
"4",0.805772994129158,0.194227005870841,0.182904411764706,0.817095588235294,"11374",2,20,"gaussian"
"5",0.90142245470215,0.0985775452978499,0.109072823848013,0.890927176151987,"11374",3,20,"sign"
"6",0.7734375,0.2265625,0.179566563467492,0.820433436532508,"11374",3,20,"gaussian"
"7",0.932776132325331,0.0672238676746693,0.12255604145519,0.87744395854481,"11374",4,20,"sign"
"8",0.745222929936306,0.254777070063694,0.16,0.84,"11374",4,20,"gaussian"
