"","-1","-1to1","1to-1","1","sample","shape","BetaSigma","model"
"1",0.928435055693474,0.0715649443065256,0.103831873231889,0.896168126768111,"11414",1,20,"sign"
"2",0.811386768447837,0.188613231552163,0.181401040073417,0.818598959926583,"11414",1,20,"gaussian"
"3",0.952393279543721,0.0476067204562786,0.136510325882996,0.863489674117004,"11414",2,20,"sign"
"4",0.783723522853958,0.216276477146042,0.176524112829845,0.823475887170155,"11414",2,20,"gaussian"
