"","sample","shape","BetaSigma","Ra","Rq","Rv","Rp","Rx","Rsk","Rku","RzJIS"
"1","11436",1,20,1.39465696436493,1.90646099198871,7.93111133926465,11.1769535304044,19.1080648696691,0.754964243780884,5.33058782286436,17.1131544360124
"2","11436",2,20,1.36770605129811,1.82631677154645,6.50986776965389,7.15541752799935,13.6652852976532,0.296961295680402,3.98277635073943,12.6961003669578
