"","sample","shape","BetaSigma","Ra","Rq","Rv","Rp","Rx","Rsk","Rku","RzJIS"
"1","11456",1,20,1.63207990791644,2.19673345723307,6.30270877726664,9.06014386732083,15.3628526445875,0.826943253364424,4.29327776243733,14.1489354474801
"2","11456",2,20,1.37146040733168,1.87090927512333,9.07692307692309,7.92307692307695,17,-0.20963790826865,5.60892632448483,15.4112537445973
"3","11456",3,20,1.19266828839277,1.54096928266264,6.67532038186099,4.32606073050797,11.001381112369,-0.428001200611358,3.8133096791233,10.1494291173763
"4","11456",4,20,0.983496947900995,1.32442759592141,4.86598934945335,2.53731279198673,7.40330214144008,-1.31954150717353,4.34505617438009,6.56253706952926
"5","11456",5,20,1.10083607573015,1.42248960928161,3.06970306757457,5.153734142324,8.22343720989857,0.6011847345975,3.48990075306026,7.28850302854643
