"","sample","shape","BetaSigma","Ra","Rq","Rv","Rp","Rx","Rsk","Rku","RzJIS"
"1","11462",1,20,1.48205854837226,1.93318692247159,6.14577023677899,6.9078665801863,13.0536368169653,0.169126382266191,3.35996245865031,12.3445963107903
"2","11462",2,20,1.56055943184051,2.04605469230749,7.77817459305202,7.77817459305202,15.556349186104,0.313151035223296,3.80279700830096,14.5283363810478
"3","11462",3,20,1.42652110054828,1.87987909132714,5.97927454946927,8.77022884231582,14.7495033917851,0.146535892142461,4.05691221689582,13.5363458497859
"4","11462",4,20,1.50869911083604,1.97861419628289,7.0657980039529,7.87095928079929,14.9367572847522,0.153180431728826,3.68373960702218,13.9039764368001
"5","11462",5,20,1.12693270424532,1.51538180145437,4.24264068711928,5.65685424949238,9.89949493661167,1.15730602057153,4.24855886077256,7.65984479623687
