"","sample","shape","BetaSigma","Ra","Rq","Rv","Rp","Rx","Rsk","Rku","RzJIS"
"1","11471",1,20,1.40140858118475,1.81143150709019,6.95718614271532,7.17804919486501,14.1352353375803,-0.255458330748888,3.35946354323375,12.7211848130487
"2","11471",2,20,1.3526596458592,1.6960903636028,5.10914037222501,5.16467450670571,10.2738148789307,0.581996742559241,2.79310139709066,8.91909307227363
"3","11471",3,20,0.959998636866526,1.21261607585699,3.53553390593274,3.53553390593274,7.07106781186548,0.193654604339178,2.69109491832942,5.65066415579678
"4","11471",4,20,1.13738116975531,1.54988186279575,5.18460128628398,5.42242703336122,10.6070283196452,1.16098272488556,4.5869374172885,8.66387307933342
