"","sample","shape","BetaSigma","Ra","Rq","Rv","Rp","Rx","Rsk","Rku","RzJIS"
"1","9388",1,20,1.45990440278233,1.96513568443692,7.84824965354916,11.5407070607951,19.3889567143443,0.635127203672085,5.90666831337811,17.8811854604459
"2","9388",2,20,1.61601854817951,2.12508126277465,6.56370577513483,7.40345904604927,13.9671648211841,0.393844611236896,3.56932028081846,13.3096217090026
"3","9388",3,20,0.987589922719198,1.2408028260546,3.53553390593274,2.89978604798483,6.43531995391757,-0.188994133267846,2.64913121710701,5.77858605680966
