"","-1","-1to1","1to-1","1","sample","shape","BetaSigma","model"
"1",0.500003871343023,0.499996128656977,0.499996393406449,0.500003606593551,"9390",1,20,"sign"
"2",0.799132947976879,0.200867052023121,0.193863319386332,0.806136680613668,"9390",1,20,"gaussian"
"3",0.896168950002261,0.103831049997739,0.104058933482828,0.895941066517172,"9390",2,20,"sign"
"4",0.773722627737226,0.226277372262774,0.142523364485981,0.857476635514019,"9390",2,20,"gaussian"
"5",0.940715914104935,0.0592840858950645,0.118907969817331,0.881092030182669,"9390",3,20,"sign"
"6",0.840909090909091,0.159090909090909,0.198581560283688,0.801418439716312,"9390",3,20,"gaussian"
